nombre,especialidad,ciudad,pais,telefono,sitio_web
"REIKI ANGÉLICAL, TAROT ANGÉLICAL, FLORES DE BACH, REGISTROS AKASHICOS MÁSTER REIKI, NUMEROLOGÍA. CURSOS Y TALLERES",Terapeuta de reiki,Guadalajara,MX,+52 33 3781 9722,https://theinannaceremonias.my.canva.site/ellie-zamna
Heel Kuxtal Casa Holistica,Terapeuta de reiki,Guadalajara,MX,+52 33 1830 8471,https://www.silviagarcia22.com/
Curandera esoterismo y sanaciones,Terapeuta de reiki,Guadalajara,MX,+52 33 1604 4379,
Guia de Meditación Espiritual,,Guadalajara,MX,+52 33 2483 1673,
"Psicoterapeuta Jonatan Santos. BIODESCODIFICACION, CONSTELACIONES FAMILIARES.",Psicólogo,Guadalajara,MX,+52 33 1603 9841,https://www.youtube.com/@alphaeducaccion
Casa Contacto,Psicoterapeuta,Guadalajara,MX,+52 33 1448 8892,
"Tarot, Reiki, coaching, parapsicologo, sanacion espiritual, pnl e hipnosis",Terapeuta de reiki,Guadalajara,MX,+52 33 3808 7981,
Biodescodificacion y Constelaciónes Familiares RM,Centro de bienestar social,San Nicolás de los Garza,MX,+52 81 1028 1063,
Sandra Suarez - Coach Espiritual y Canalizadora de Angeles,,"Bogotá, Bogota",CO,+57 305 4597088,
Coach Espiritual y de Vida,Asesor,Bogotá,CO,+57 318 5632846,
Tomas Holguin - Terapeuta y conferencista,,Bogotá,CO,+57 300 6517553,http://www.tomasholguin.com/
Astrología y Tarot casa de 7 soles,Astrólogo,"Tláhuac, Ciudad de México",MX,+52 55 6910 3492,
TAROT DE LUNA,Vidente,"Cuauhtémoc, Ciudad de México",MX,+52 55 5547 4846,https://sites.google.com/view/tarotdeluna/inicio
Lectura del Tarot Mariscal,Astrólogo,Guadalajara,MX,+52 33 3826 4951,
Centro Espiritual Holistico Polo Blue Tarot,Centro espiritual,Guadalajara,MX,+52 33 1679 9946,
AURA Centro de Bienestar,Centro de meditación,Monterrey,MX,+52 81 1975 6724,https://aura.org.mx/
"Tarot, Lectura de Cartas, Psychic, Holístico",Vidente,Guadalajara,MX,+52 33 2285 5810,https://tarot-lectura-de-cartas-psiquica.negocio.site/
Farfalla Lunar Tarot,Vidente,"Cuauhtémoc, Ciudad de México",MX,+52 56 3368 8593,https://farfallalunar.com/
El Jardín de Venus Tarot,Tienda de artículos de magia,Zapopan,MX,+52 33 1222 5603,
Tarot & Conexión espiritual / Constelaciones Familiares /Registros akáshicos/ Limpiezas energeticas,Centro de salud y bienestar,Guadalajara,MX,+52 33 2926 5426,
Centro de Meditación Kadampa Guadalajara,Centro de meditación,Guadalajara,MX,+52 33 3550 0997,http://www.meditarenguadalajara.org/
"Harix Tarot, Reiki y mas",Vidente,Zapopan,MX,+52 33 1292 8372,https://www.instagram.com/harixtarot
Tarot y limpias para buena suerte,Astrólogo,Guadalajara,MX,+52 33 2865 0534,
Casa Tarot y Café,Cafetería,Guadalajara,MX,+52 33 3807 5075,https://linktr.ee/casa.tarotycafe
Lectura de Cartas,Servicios de clarividencia,Guadalajara,MX,+52 33 1720 3179,
Amarres de Pareja Eterno,Vidente,Guadalajara,MX,+52 33 3613 3447,https://amarresdeparejaeterno.com/
Lectura tarot yusuleica om,Vidente,"Gustavo A. Madero, Ciudad de México",MX,+52 55 2389 3673,
TAROT PROFESIONAL,Comercio,Guadalajara,MX,+52 33 2263 9672,https://www.facebook.com/brujoscatemacoveracruz
Tarot con Yoidram,Vidente,"Coyoacán, Ciudad de México",MX,+52 55 8510 6094,https://linktr.ee/Yoidram777
Tarotista Predictiva,Vidente,"Cuauhtémoc, Ciudad de México",MX,+52 55 6970 1790,
Lectura de cartas y tarot - El Portal Místico,Servicios de clarividencia,Guadalajara,MX,+52 663 457 1494,https://portalmistico.co/
Tarot en Coyoacán Oficial,Vidente,"Coyoacán, Ciudad de México",MX,+52 55 2952 4047,
Sanara Tarot,Vidente,"Cuauhtémoc, Ciudad de México",MX,+52 55 5211 3894,https://sanaratarot.com/
Sandra Cruz Transformados - Terapia de pareja en Bogotá,Psicoterapeuta,Bogotá,CO,+57 310 2662896,https://sandracruz.co/
Tarot Jade,Vidente,"Tlalpan, Ciudad de México",MX,+52 55 2538 6625,http://tarotjade.com/
Tarot Coyoacán,Vidente,"Coyoacán, Ciudad de México",MX,+52 55 6202 6920,
El Tarot de Caridad!,Servicios de clarividencia,"Cuauhtémoc, Ciudad de México",MX,+52 55 4952 1177,https://sites.google.com/view/eltarotdecaridad/home
Tarots del Mundo Suc. Roma,Librería,"Cuauhtémoc, Ciudad de México",MX,+52 55 1998 3301,https://tarotsdelmundo.com/
El Tarot Mágico – Vidente en México,Vidente,Metepec,MX,+52 722 241 4376,https://www.tarotmagiamx.com/
LECTURA DE TAROT EN CDMX,Vidente,"Benito Juárez, Ciudad de México",MX,+52 55 4983 3634,https://jaimeferrertarotista.com.mx/
Centro Esotérico Espiritual,Astrólogo,Guadalajara,MX,+52 33 1616 7966,https://amarresdeamorengdl.com/
Tarot y Rituales de Eva Mexico,Vidente,"Coyoacán, Ciudad de México",MX,+52 55 8138 5313,https://activacion360.com/
Tarot y los Arcanos de Joe,Centro espiritual,Guadalajara,MX,+52 33 2278 3915,https://wa.link/t5yagd
ALKIMYAH - Astrología Terapéutica,Astrólogo,Zapopan,MX,+52 33 3990 3718,http://www.alkimyah.com/
Quiropractico Holistico Medicina Manual,Quiropráctico,Guadalajara,MX,+52 33 2244 4116,
Centro De Desarrollo Holistico,Centro de formación,Zapopan,MX,+52 33 4444 2757,https://cdh-edu.mx/
Centro Holistico,Profesional de medicina alternativa,Guadalajara,MX,+52 33 1193 9505,
Lectura de Tarot,Astrólogo,Guadalajara,MX,+52 33 1097 2826,https://lectura-de-tarot-jalisco.ueniweb.com/
CCREA Centro Holístico,Centro de meditación,Guadalajara,MX,+52 33 2637 7258,
Árbol de Vida Centro Holístico,Centro de yoga,Guadalajara,MX,+52 33 1217 9085,
Lago Floral | Cursos de Flores de Bach y Astrología,Escuela de educación para adultos,Guadalajara,MX,+52 33 1135 4818,http://www.lagofloral.com/
Centro de Desarrollo Humano y Espiritual Michelle Rivera,Centro de salud y bienestar,Guadalajara,MX,+52 33 3137 6551,https://sites.google.com/view/yosoymichellerivera/inicio
Centro terapéutico holístico SEUNO,Profesional de medicina alternativa,Guadalajara,MX,+52 33 2014 0971,
Terapias Holísticas — Giadaa Holística,Especialista en medicina holística,Guadalajara,MX,+52 33 3196 1790,https://www.giadaaholistica.com/
Ikal centro holístico,Spa y gimnasio,Zapopan,MX,+52 33 1845 4045,
Instituto Holístico,Psicoterapeuta,Guadalajara,MX,+52 33 2003 3317,http://institutoholistico.com/
Ixshala Tienda Holística,Tienda de regalos,Monterrey,MX,+52 81 1943 8750,http://www.ixshala.com/
Ivy Terapeuta Holístico,Psicólogo,Guadalajara,MX,+52 33 3021 8830,https://ivyterapeuta.com/
SPA Holístico Mty,,Monterrey,MX,+52 81 8028 6001,
Vive Holistica,Centro de meditación,Guadalajara,MX,+52 33 5110 1080,https://viveholistica.godaddysites.com/
Centro Holistico DAYAT MTY,Spa y gimnasio,Monterrey,MX,+52 81 8204 6900,
Gaandar Centro Holístico y Tienda,Tienda de regalos,Monterrey,MX,+52 81 1077 2273,http://www.tiendagaandar.com/
Paola Osuna :: Terapia Holistica,Acupuntor,Guadalajara,MX,+52 33 3476 2872,https://www.paolaosuna.mx/
Ana Mejía Armoenergía México,Programa de salud y bienestar,Guadalajara,MX,+52 33 1343 1570,http://armoenergiaanamejia.com/
"Luz Alternativa terapias (masaje terapeutico, limpieza facial, imanes, reiki",Profesional de medicina alternativa,Monterrey,MX,+52 81 2604 9556,https://karlalhg2gmailcom.agendapro.com/mx
Zenda Centro Holístico,Masajista,Guadalajara,MX,+52 33 1830 4618,https://www.facebook.com/share/15jzUZMhW1/
Centro Holistico DAYAT Valle,Spa,Monterrey,MX,+52 81 1956 3597,
Shambhala Centro Holístico,Terapeuta de reiki,Guadalajara,MX,+52 33 2610 0494,https://www.facebook.com/shambhalacentroh
Centro Holístico Elipse,Centro de salud y bienestar,Monterrey,MX,+52 81 2326 0318,
Holistica Espacio para el SER,Centro de salud y bienestar,Monterrey,MX,+52 81 2476 5987,http://www.esholistica.com/
Casa Holistica YIB,Profesional de medicina alternativa,Monterrey,MX,+52 81 1277 9065,https://www.facebook.com/profile.php?id=100090067554839
PRANA HOLISTICA,Tienda de regalos,Monterrey,MX,+52 81 8309 0702,http://www.pranaholistica.com/
Sādhana Centro Holístico,Terapeuta de reiki,Monterrey,MX,+52 81 1504 2380,https://www.instagram.com/sadhana.holistic
Enciende Tu Poder,Terapeuta de reiki,Cdad. Autónoma de Buenos Aires,AR,+54 11 5852-1077,https://linktr.ee/enciendetupoder
Escuela de Reiki,,Cdad. Autónoma de Buenos Aires,AR,+54 11 3260-4489,
Revitalia,Terapeuta de reiki,Monterrey,MX,+52 81 3246 4743,
Centro Holístico Monterrey,Especialista en medicina holística,Monterrey,MX,+52 81 8343 4182,https://centroholisticomonterrey.com/
Reiki Fluyendo con Bienestar,Centro de salud y bienestar,Monterrey,MX,+52 81 1570 4316,
Centro de Aromaterapia Espiritual y REIKI.,Colegio concertado,Monterrey,MX,+52 81 2081 4447,
Centro de Estudios Tai Yon,Terapeuta de reiki,Monterrey,MX,+52 81 8342 1861,
Casa Mariposa,Terapeuta de reiki,Guadalajara,MX,+52 33 1412 9554,http://irery23.wixsite.com/casaoruga
Bioequilibrio,Terapeuta de reiki,Monterrey,MX,+52 81 1024 8859,
Terapias Alternativas Reiki Apodaca Nuevo León,Spa y gimnasio,Cdad. Apodaca,MX,+52 81 1182 4443,
Mimi Hutchinson Holística,Terapeuta de reiki,Monterrey,MX,+52 81 1655 9346,
Karla Astróloga Senderos Místicos,Astrólogo,Zapopan,MX,+52 33 1313 9152,https://karlaastrologa.com/
"Respira Energía, Terapias Energéticas (biomagnetismo, Reiki, Auriculoterapia, Reflexología, Masaje)",Terapeuta de reiki,Guadalupe,MX,+52 81 4706 6216,
Centro Constelaciones,Institución educativa,Monterrey,MX,+52 81 8343 4188,https://centroholisticomonterrey.com/constelaciones-familiares-monterrey/
Reiki,Centro de salud y bienestar,Monterrey,MX,+52 81 1506 2993,http://reiki.lat/
Lectura de tarot y videncia,Vidente,"Cuauhtémoc, Ciudad de México",MX,+52 55 9194 9256,https://marialuisatarot.com/
"Masajes,reflexo,reiki, cuencos,péndulo,hora y media",Terapeuta de reiki,Cdad. Autónoma de Buenos Aires,AR,+54 11 3885-3893,
Reiki y técnicas de Sanación energética integrativa. 20 años de experiencia.,Profesional de medicina alternativa,Cdad. Autónoma de Buenos Aires,AR,+54 9 11 5749-5199,
Mystic Soul,Terapeuta de reiki,Monterrey,MX,+52 81 3127 3334,http://www.mysticsoul.mx/
"Reiki, Sanación energética y terapias naturales",Terapeuta de reiki,Cdad. Autónoma de Buenos Aires,AR,+54 11 5749-5199,
Trazando mi existencia. Medicina Estelar Holística,Terapeuta de reiki,Capital,AR,+54 11 6004-7342,https://trazandomiexistencia.com/
Instituto Holístico de Monterrey,Centro de salud y bienestar,San Nicolás de los Garza,MX,+52 81 1939 9695,https://www.facebook.com/ihmonterrey.com.mx
Escuela de terapias holísticas Tepatiani,Centro cultural,Guadalajara,MX,+52 33 3667 9436,https://escuelatepatiani.com/
Miriam Bridges/Terapia Cuántica y Metamórfica,Terapeuta de reiki,Guadalajara,MX,+52 33 1331 5905,
Sociedad Argentina de Reiki,Terapeuta de reiki,Cdad. Autónoma de Buenos Aires,AR,+54 11 5871-0320,http://www.sareiki.com/
Casa Tonantzin,Terapeuta de reiki,Guadalupe,MX,+52 81 8655 3767,https://www.facebook.com/share/1AdLxcXe5R/
USUI REIKI RYOHO - Escuela de Reiki - RM Daniel Franco,Terapeuta de reiki,Cdad. Autónoma de Buenos Aires,AR,+54 11 2187-7526,https://www.reikioriginal.ar/
Vida Natura una Sesión de Sanación,Terapeuta de reiki,Guadalajara,MX,+52 33 2927 7778,
Reiki y tarot Las puertas del inconsciente,Spa,Guadalajara,MX,+52 33 2429 4674,https://www.facebook.com/share/1BKRPZJB3i/
Reiki y Meditaciones Monterrey,Centro de salud y bienestar,Guadalupe,MX,+52 81 1130 3073,https://www.facebook.com/ReikiYMeditacionesMty
Claudio Márquez Escuela de Reiki,Centro de aprendizaje,Cdad. Autónoma de Buenos Aires,AR,+54 11 4147-8510,https://claudiomarquezreiki.com/
Asociación De Reiki Mikao Usui,Centro de formación,Villa Martelli,AR,+54 11 6244-5226,http://www.reiki.org.ar/
"Reiki, Masajes y Herbolaria",Terapeuta de reiki,Guadalajara,MX,+52 33 2130 6307,
REIKI,Terapeuta de reiki,"Gustavo A. Madero, Ciudad de México",MX,+52 55 8037 3035,
Alianza Argentina de Maestros de Reiki,Terapeuta de reiki,Cdad. Autónoma de Buenos Aires,AR,+54 9 11 5491-3443,https://www.reikiargentina.org/
Biomagnetismo Médico y Flores de Bach CDMX,Terapeuta de reiki,"Cuauhtémoc, Ciudad de México",MX,+52 55 4496 8250,
Reiki Roma Sur,Terapeuta de reiki,"Cuauhtémoc, Ciudad de México",MX,+52 55 7872 3317,
Centro Shakti Hermandad De Reiki,Terapeuta de reiki,"Iztapalapa, Ciudad de México",MX,+52 55 4917 7952,
Terapias REIKI En Azcapotzalco,Terapeuta de reiki,"Azcapotzalco, Ciudad de México",MX,+52 55 6517 2639,http://www.felixsaucedo.ctcin.bio/
Reiki Co,Terapeuta de reiki,"Cuauhtémoc, Ciudad de México",MX,+52 55 1234 8622,
Reiki y Registros Akáshicos,Centro espiritual,"Álvaro Obregón, Ciudad de México",MX,+52 55 2774 4056,
"Reiki Caani Roma (Tarot, Acupuntura,Carta Astral, Limpias)",Terapeuta de reiki,"Cuauhtémoc, Ciudad de México",MX,+52 55 2729 6957,https://reikicaani.github.io/reikicaani/
Pachiui Amor,Terapeuta de reiki,"Benito Juárez, Ciudad de México",MX,+52 55 4348 6778,http://www.pachiuiamor.com/
I Reiki You,Terapeuta de reiki,Guadalajara,MX,+52 33 2189 7648,https://ireikiyou.com/
Reiki Mexico,Centro de salud y bienestar,"Cuauhtémoc, Ciudad de México",MX,+52 55 2454 9164,https://www.reikimexico.org/
ALQUIMIA REIKI,Terapeuta de reiki,Guadalajara,MX,+52 374 105 7179,https://www.facebook.com/AlquimiaReiki
Shaman Shakti- REIKI Terapias & Chakras desbloqueo y alineación,Asesor,Cdad. Gral. Escobedo,MX,+52 81 1178 3233,
Colegio Mexicano de Reiki,Terapeuta de reiki,"Benito Juárez, Ciudad de México",MX,+52 55 5672 3656,https://www.colegiomexicanodereiki.com.mx/
Reiki Heel Kuxtal,Centro de salud y bienestar,Guadalajara,MX,+52 33 3171 6956,https://www.silviagarcia22.com/
ALEXA COACH ESPIRITUAL,Asesor,San Martín,AR,+54 11 6506-0975,
VIDENCIAS Y COACHING ESPIRITUAL,Vidente,Sáenz Peña,AR,+54 11 5856-7090,
YUE terapias alternativas,Terapeuta de reiki,Monterrey,MX,+52 81 2420 9602,https://www.facebook.com/yueterapiaalternativa/
Emilia Witch Coach espiritual,Centro espiritual,"Gustavo A. Madero, Ciudad de México",MX,+52 55 2523 2603,
Coach en Sanación Energética Espiritual,,"Cuajimalpa de Morelos, Ciudad de México",MX,+52 55 5507 7485,
Coach Espiritual,,"Cuauhtémoc, Ciudad de México",MX,+52 55 4427 9985,
"Consultorio Holístico Viviana - Reiki, Tameana, Registros Akashicos, Biodecodificación, Coaching Espiritual",Terapeuta de reiki,Lomas de Zamora,AR,+54 11 5995-6415,https://www.vivianamoreno.com/
Escuela de Reiki Shamadhi,Terapeuta de reiki,"Iztapalapa, Ciudad de México",MX,+52 55 8529 4640,
Coach Ontológico de Autoestima y Vínculos - Carolina Anabella,,Cdad. Autónoma de Buenos Aires,AR,+54 9 11 7198-9081,https://carolinaestrada.my.canva.site/
Coaching Ontológico Holístico,Centro de salud y bienestar,Cdad. Autónoma de Buenos Aires,AR,+54 11 6160-8497,https://calendly.com/samanta-g-pinho
"Aditi, Registros Akáshicos",Centro de salud y bienestar,Cdad. Autónoma de Buenos Aires,AR,+54 11 5640-6747,http://www.aditi-vivir-feliz-despertar-espiritual.com/
Terapias Alternativas Shakti Reiki,Terapeuta de reiki,"Benito Juárez, Ciudad de México",MX,+52 55 2690 9150,https://facebook.com/shaktireiki.mx/
"Universo Alternativo - Regresiones, Psicoanálisis, reiki, breathwork, cuencos, yoga, Cursos",Terapeuta de reiki,"Benito Juárez, Ciudad de México",MX,+52 55 5598 6845,http://www.universoalternativo.com/
"RAIZ - Entrenamiento Espiritual - Constelaciones Familiares, Registros Akáshicos",,Cdad. Autónoma de Buenos Aires,AR,+54 11 6684-4835,https://alemayo.com/
Reikiesmas,Terapeuta de reiki,"Cuauhtémoc, Ciudad de México",MX,+52 55 2172 3787,http://www.reikiesmas.com/
Despertando Conciencia,Terapeuta de reiki,Cdad. Autónoma de Buenos Aires,AR,+54 11 6868-8307,https://despertandoconciencia2.mitiendanube.com/
Eris Magical Craft Tarot y Taller de Herramientas Mágicas,Astrólogo,San Nicolás de los Garza,MX,+52 81 1314 8374,
TAROT RAFAEL,Astrólogo,Guadalupe,MX,+52 81 1501 1755,
Reiki en San Nicolas,Terapeuta de reiki,San Nicolás de los Garza,MX,+52 81 2107 9812,http://www.facebook.com/Reikiensannicolas
Terapias Angelicales Ángeles by Laura Espinosa,Centro de meditación,"Miguel Hidalgo, Ciudad de México",MX,+52 321 479 3795,http://www.angelesbylauraespinosa.com/
ArmoniosaMenthe By Norma Chavez,Centro espiritual,"Benito Juárez, Ciudad de México",MX,+52 56 1987 5350,https://armoniosamenthe.com/
Terapias holisticas,Terapeuta de reiki,"Coyoacán, Ciudad de México",MX,+52 55 1338 3573,
CENTRO HOLISTICO CONCIENCIA CÓSMICA,Terapeuta de reiki,"Venustiano Carranza, Ciudad de México",MX,+52 55 6084 4370,
Vie Reiki en Guadalajara,Terapeuta de reiki,Guadalajara,MX,+52 33 1466 4145,http://www.viereiki.com/
Centro Holístico Shalom,Institución educativa,"Coyoacán, Ciudad de México",MX,+52 55 2270 7340,
Cuauhtli Espacio Holístico,Servicio de aromaterapia,"Coyoacán, Ciudad de México",MX,+52 55 6096 0090,
Centro Holistico y de Medicina Alternativa Intiraymi,Profesional de medicina alternativa,"Gustavo A. Madero, Ciudad de México",MX,+52 55 5513 4058,
La Divina Aura,Terapeuta de reiki,Guadalajara,MX,+52 33 1014 1462,https://www.facebook.com/LaDivinaAuraMX
CENTRO HOLISTICO MANDALA,Centro de retiro de yoga,"Benito Juárez, Ciudad de México",MX,+52 55 2119 8377,
Consultorio holistico de terapia alternativa,,"Gustavo A. Madero, Ciudad de México",MX,+52 55 5456 4176,
"Sra. Blanca Tarot, Amarres, Amuletos y mas",Vidente,Monterrey,MX,+52 81 1606 7525,https://www.facebook.com/srablancatarot
Terapeuta Holística Integral,Centro comunitario,"Cuauhtémoc, Ciudad de México",MX,+52 55 8433 8996,
Camino del Corazón,Terapeuta de reiki,Cdad. Autónoma de Buenos Aires,AR,+54 9 11 6860-6860,http://www.caminodelcorazon.com.ar/
Terapias Holisticas Rafael Arcángel,Terapeuta de reiki,"La Magdalena Contreras, Ciudad de México",MX,+52 55 4044 3352,https://www.terapiasholisticasrafaelarcangel.com/terapeutas.html
Lectura de Cartas y Mas,Vidente,Monterrey,MX,+52 81 2436 2427,
Reiki Tradicional Mty,Profesional de medicina alternativa,Monterrey,MX,+52 81 8098 1891,http://www.reikitradicionalmty.com/
Astrología Leo,Astrólogo,Monterrey,MX,+52 81 1189 6198,http://www.astrologialeo.com.mx/
Delfis Terapia Angelical,Terapeuta de reiki,Guadalajara,MX,+52 33 3102 9001,https://delfis.com.mx/
Terapia Holistica Alternativa,Especialista en medicina holística,"Miguel Hidalgo, Ciudad de México",MX,+52 55202082,
"Centro Holistico Itzae, Masajes, Temazcal, Medicina Alternativa, Spa",Spa de día,"Cuauhtémoc, Ciudad de México",MX,+52 55 2740 5971,https://centroholisticoitzae.com/
Health Holístico,Terapeuta de reiki,"Azcapotzalco, Ciudad de México",MX,+52 55 6614 0478,
ADRY TAROT,Astrólogo,Monterrey,MX,+52 81 1585 6291,https://adry-tar.ueniweb.com/
Dosha Centro De Terapias Holisticas Mente Cuerpo Y Espíritu,Terapeuta de reiki,"Benito Juárez, Ciudad de México",MX,+52 55 5175 9405,https://dosha-centro-de-terapias-holisticas-mente-cuerpo-y-espiritu.ueniweb.com/
Rituales y Tarot Sra Yolanda,Vidente,San Nicolás de los Garza,MX,+52 81 2125 9319,
Centro de Convivencia Holística,Profesional de medicina alternativa,"Álvaro Obregón, Ciudad de México",MX,+52 56 2570 0827,https://www.convivenciaholistica.com.mx/
Mundo Esoterico Tarot - Amarres- Brujeria - Alta Magia - Hipnosis,Servicios de clarividencia,Monterrey,MX,+52 81 2913 8563,https://www.mundoesotericotarot.com/
MAI Centro Holístico Spa CDMX,Masajista,"Cuauhtémoc, Ciudad de México",MX,+52 55 7384 8142,https://maicentro.com/
Tarot,Vidente,Wilde,AR,+54 11 3821-9212,
Tarot con Thea,Vidente,Darregueira,AR,+54 2921 42-5264,
"Anibal Tarot Baires - tiradas de cartas, union de parejas, amarres de amor",Astrólogo,Cdad. Autónoma de Buenos Aires,AR,+54 11 4075-1532,
"Tarotista en Villa Urquiza-I Ching-Ajedrez,Damas y Laberinto",Asesor,Cdad. Autónoma de Buenos Aires,AR,+54 9 11 6585-7839,
Terapias Energéticas Holísticas | ALMUDENA DUEÑAS,Centro de meditación,Madrid,ES,+34 662 05 90 74,
Maria Fernanda Bocanegra | Sesiones de Thetahealing | Madrid |,Centro espiritual,Madrid,ES,+34 644 86 17 93,
Claudia Tarotista,Vidente,Ramos Mejía,AR,+54 11 6757-5080,https://wa.me/1567575080
Samanda Tarotista Colombiana - Tarot Presencial en Madrid,Vidente,Madrid,ES,+34 915 39 58 50,https://samandatarotistacolombiana.com/
Be Super Soul - Terapeuta Holística,Centro de retiro,Madrid,ES,+34 623 97 67 23,https://www.besupersoul.com/
Librería Esoterica Tienda Holística,Astrólogo,Cdad. Autónoma de Buenos Aires,AR,+54 9 11 6969-2307,https://www.tiendaesotericaconejoblanco.com.ar/
DeMaimas Tarot,Centro espiritual,Madrid,ES,+34 658 80 65 09,http://demaimastarot.com/
Tarot y Vidente Natural Adriana,Vidente,Cdad. Autónoma de Buenos Aires,AR,+54 11 3026-4697,
Selene Arcana Vidente - Tarot Madrid,Vidente,Madrid,ES,+34 919 99 81 62,https://selenearcanatarot.com/
Tarot Madrid - Reina Violeta Tarot,Vidente,Madrid,ES,+34 613 72 51 20,
"Alphaom Holistica, Escuela del Alma. Meditación y Sanación, Escuela Místico Espiritual. Cursos, Diplomados, Terapias, Retiros",Centro escolar,"Benito Juárez, Ciudad de México",MX,+52 55 5405 2631,http://www.escueladelalma.com.mx/
Alicia Mohini coach espiritual,Profesional de medicina alternativa,"Iztapalapa, Ciudad de México",MX,+52 55 8367 4914,https://www.aliciamohini.mx/
"Sanaciones Integrales (Reiki, PNL, Coaching espiritual, Diapasones, sonidoterapia, Terapias Alternativas)",Terapeuta de reiki,Cdad. Autónoma de Buenos Aires,AR,+54 11 6695-2925,http://sanacionesintegrales.com.ar/
Tarot Casa Verde | Atención por Llamada y WhatsApp,Vidente,Madrid,ES,+34 603 96 59 87,https://linktr.ee/casaverdemagia
Tarot de Marta Aguado,Vidente,Madrid,ES,+34 911 11 15 77,https://tarotdemarta.com/
ALMA PARA EL AMOR,Vidente,Bogotá,CO,+57 14666063,
Tarot Esoterica Santa Barbara,Vidente,Bogotá,CO,+57 305 4194004,
Andrea Tarot,Vidente,Cdad. Autónoma de Buenos Aires,AR,+54 11 4923-8593,http://www.andrea-tarot.com/
Häxan tarot,Centro espiritual,Bogotá,CO,+57 310 7883636,
tarot andromeda,Astrólogo,Bogotá,CO,+57 300 8127412,
Aramistic Vidente Consultas Tarot,Vidente,Madrid,ES,+34 644 39 84 42,http://www.aramisticvidente.com/
Consultorio Espiritual Amarres de Amor y Tarot,Vidente,Bogotá,CO,+57 300 6720861,
Tarot Madame Sophi,Centro espiritual,Bogotá,CO,+57 320 7961634,
Lectura del tarot el rincón de los angeles,Centro comercial,Bogotá,CO,+57 321 2782763,
LECTURA TAROT LA ESTRELLA DE DAVID,Parque infantil,Bogotá,CO,+57 322 2478696,
Valeria de la Luna,Vidente,Madrid,ES,+34 919 60 38 26,http://videntemadrid.es/
Roja Médium | Guía Espiritual y Tarot Terapéutico,Vidente,Bogotá,CO,+57 302 6572420,http://www.rojamedium.com/
Tarot Esmeralda Llanos vidente y tarotista,Vidente,Madrid,ES,+34 912 52 94 19,https://www.esmeraldallanos.com/
Santa Martínez Tarotista,Servicios de clarividencia,Madrid,ES,+34 919 60 26 04,https://videntehoy.com/
El Tarot de Maria,Vidente,Madrid,ES,+34 667 53 53 09,http://www.eltarotdemaria.com/
Lectura de Tarot-Vale Amaris Tarot,Astrólogo,Bogotá,CO,+57 305 7200431,https://valeamarisarot.my.canva.site/
Lectura de Tarot Sunset,Servicios de clarividencia,Bogotá,CO,+57 320 4541388,
Nicole Prado - Coach Espiritual,Centro de aprendizaje,Madrid,ES,+34 647 89 61 80,
FdS Coach emocional y espiritual,Profesional de medicina alternativa,Madrid,ES,+34 682 54 11 25,
Tarotista Consulta Presencial en Barajas - Madrid,Vidente,Madrid,ES,+34 674 50 21 53,https://consultastarots.blogspot.com/
"Alis Holistica Angeles, Reiki, Tarot, Terapias, Hipnosis",Vidente,Bogotá,CO,+57 312 4106960,http://www.alisholistic.top/
Ariadna Tarot,Servicios de clarividencia,Bogotá,CO,+57 314 3116193,https://ariadnaastrologiaytarot.com/
Lectura de tarot Bogota,Vidente,Bogotá,CO,+57 312 4489421,https://tarotsabrina.amawebs.com/
FABIO GONZALEZ - Vidente Natural,Vidente,Cdad. Autónoma de Buenos Aires,AR,+54 11 3757-1652,https://wa.me/c/5491137571652
Mariana Aquino Vidente Natural - Tarotista,Vidente,Cdad. Autónoma de Buenos Aires,AR,+54 11 2631-5865,
Marian-Taroteando sesiones y enseñanza de Tarot,Vidente,Cdad. Autónoma de Buenos Aires,AR,+54 11 4437-9874,https://www.taroteando.com.ar/
Madrid Tarot,Astrólogo,Madrid,ES,+34 743 06 62 44,https://madridtarot.es/
Flerida Parra Ángel Centro Holístico Armonía Para el Alma Bogotá,Servicios de clarividencia,Bogotá,CO,+57 317 4659319,https://flerida-armoniaparaelalma.com/
Ines Justicia Medium Tarot Vidente,Servicios de clarividencia,Madrid,ES,+34 679 36 48 41,http://www.inesjusticia.com/
Crearte Coaching,Centro de formación,Madrid,ES,+34 910 81 52 41,https://creartecoaching.com/
Tarot Lucero,Vidente,Cdad. Autónoma de Buenos Aires,AR,+54 11 2778-8094,https://tarotyvidencialucero.com.ar/
Tarot Marisa Bernal,Vidente,Alcalá de Henares,ES,+34 911 79 15 27,https://www.tarotmarisabernal.com/
Tarotista en Madrid - tarot y lecturas,Centro espiritual,Madrid,ES,+34 673 36 93 52,https://www.instagram.com/tarotylecturas/
EVA TAROT,Astrólogo,Madrid,ES,+34 613 27 55 01,
Astrología Yonay Lozano,Astrólogo,Madrid,ES,+34 649 35 93 84,
Jeissontarot – Centro de Experiencia Holística,Bar,Bogotá,CO,+57 321 2111418,https://jeissontarot.com/
La Fuerza del Tarot,Vidente,Cdad. Autónoma de Buenos Aires,AR,+54 11 4418-0144,
Lectura de tarot CLAUDIA,Centro espiritual,Monterrey,MX,+52 81 8276 3933,
Centro esotérico (tarot Gio),Centro espiritual,Monterrey,MX,+52 81 1652 5646,
Vidente lectura de cartas,Vidente,San Nicolás de los Garza,MX,+52 81 1857 7913,
Elena Tarot,Centro espiritual,Guadalupe,MX,+52 81 2070 2918,https://tarotelena.cqr.mx/
Sumando Alas,Terapeuta de reiki,Bogotá,CO,+57 310 6214284,
Your Stellar Truth Astrology & Astrocartography,Astrólogo,Madrid,ES,+34 670 65 42 03,https://www.yourstellartruthastrology.com/
Reiki spa,Spa,Bogotá Sur,CO,+57 311 4290968,
Reiki Armonización energética,Terapeuta de reiki,Bogotá,CO,+57 311 2741004,
Casa del Tarot... Tu Casa Amiga,Vidente,Madrid,ES,+34 699 96 99 19,http://casadeltarot.es/
Reiki,Masajista,Bogotá,CO,+57 300 7848087,
Alquemila Terapias holísticas (Reiki y Barras de Access Bogotá),Terapeuta de reiki,Bogotá,CO,+57 350 7090064,
Yulieth Mendivelso Terapeuta holística Reiki / Barras de Access Bogotá,Terapeuta de reiki,Bogotá,CO,+57 300 6740463,
ALMAS EXPANSIVAS EN CONSCIENCIA,Terapeuta de reiki,Bogotá,CO,+57 316 8508357,https://almasexpansivasenconsciencia.my.canva.site/
TERAPIAS DE REIKI,Terapeuta de reiki,"Bogotá, DC",CO,+57 301 2879402,
AMRI Terapias Holísticas - Maribel Ardila Novoa,Terapeuta de reiki,Bogotá,CO,+57 319 2094972,https://amriterapiasholisticas.centrospa.co/
Constelaciones familiares - Psicología - Terapia Holistica - Sanación Emocional,Psicoterapeuta,Bogotá,CO,+57 320 2188289,https://kaivalya.my.canva.site/kaivalya
Consultorio Reiki,Profesional de medicina alternativa,Bogotá,CO,+57 313 4556444,http://www.terapiareiki.co/
MARITZA MONTEALEGRE ANGEOLOGA CENTRO HOLISTICO LUZ DE ÁNGELES Y ARMONÍA,Psicoterapeuta,Bogotá,CO,+57 315 7293500,
Tarot y Destino,Vidente,Cdad. Autónoma de Buenos Aires,AR,+54 11 5911-4032,
"DS Humano - ISAL, Ángel de Lope Coaching Sistémico en Madrid.",,Madrid,ES,+34 639 20 79 09,https://www.dshumano.com/
Astrovita Ser Holístico,,Bogotá,CO,+57 305 4256999,
Tarot Premadevi Caballito,Vidente,Cdad. Autónoma de Buenos Aires,AR,+54 11 5042-5615,
Centro de Terapias Holísticas Lotus Flower,Centro de salud y bienestar,Bogotá,CO,+57 316 3020015,
Ramon Santos Jurado Coach Holístico de Transformación Espiritual,Terapeuta de reiki,Santa Marta,CO,+57 300 6753481,
Rocío Carrasco - Terapeuta Holistica,Centro de salud y bienestar,Madrid,ES,+34 650 37 34 31,https://vitaeanima.com/
El Circulo Energético,Terapeuta de reiki,Bogotá,CO,+57 317 5156186,
CEHOT Centro Holístico Terapéutico,Centro de formación,Los Patios,CO,+57 318 4004279,https://cehotcentroholistico.wixsite.com/cehot
ESCUELA DE LIDERAZGO Y COACHING QUÁNTICO,Colegio privado,Madrid,ES,+34 649 80 56 90,http://www.coachingsystem.es/
"Reiki, Conciencia & Armonía",Terapeuta de reiki,Bogotá,CO,+57 313 4371251,https://linktr.ee/Reiki_conciencia_armonia
Amarres de Amor en Monterrey - Maestro David,Centro espiritual,Monterrey,MX,+52 81 1793 7228,https://davidmaestrodelamor.com/
Medicina Holistica Colombia,Programa de salud y bienestar,Bogotá,CO,+57 320 4768093,http://www.centrodesanacionholistica.com/
Reiki Colombia - Con El Maestro Fahad,Terapeuta de reiki,Alto,CO,+57 314 3802114,http://www.escuelafahad.com/
Hélen de Souzah - Terapeuta Energética & Mentora Espiritual,Psicoterapeuta,Madrid,ES,+34 617 79 38 95,
AMARRES Y TAROT,Servicios de clarividencia,Madrid,ES,+34 613 82 27 16,http://www.amarresytarotaleris.es/
Akasha Terapia Holística,,Madrid,ES,+34 660 55 14 45,
Reiki Iyasu Te | Sanación y Energía,Terapeuta de reiki,Bogotá,CO,+57 318 5073601,
Tarotista Nora Ramírez,Vidente,Madrid,ES,+34 919 99 46 07,https://tarotdeleire.com/tarotista-nora-ramirez/
"Julia Terapeuta Holística, Naturópata, Iridóloga, Masajista Energética",Centro de salud y bienestar,Madrid,ES,+34 644 31 56 08,
EnergetiKa - Akasha Colombia,Especialista en medicina holística,Gratamira,CO,+57 315 3318970,http://www.akashacolombia.com/
Alejandra León_ Psicología Transpersonal- Terapia Holística - Duelo,Psicoterapeuta,Madrid,ES,+34 610 95 78 40,
"Gemma Centro Holístico - Quiropraxia, Aromaterapia, Masajes, Reflexologia",Centro de salud y bienestar,Cúcuta,CO,+57 305 8623760,https://www.instagram.com/gemmacentroholistico
Lectura de Tarot Santa Catarina.,Servicio de salud ocupacional,Cdad. Santa Catarina,MX,+52 81 1183 9170,
Laura Hernández Riesgo - Terapia Holística - Desarrollo Personal y Espiritual en Madrid,Terapia craneosacral,Madrid,ES,+34 605 48 16 53,https://laurahernandezriesgo.com/
VIDAREIKI - Terapia y Sesiones de Reiki,Terapeuta de reiki,Bogotá,CO,+57 312 4544767,https://www.vidareiki.com/
Consultorio Manuel Gómez Terapeuta Holístico,Especialista en medicina holística,Bogotá,CO,+57 305 2939539,https://www.evolusanandoconmanuel.com/
Lectura de tarot,Servicio de logística,Monterrey,MX,+52 81 3176 5250,
Lectura del tarot ..hierbería Jorge tarot,Herbolario,Monterrey,MX,+52 81 1231 9147,
Astroideal,Servicios de clarividencia,Pozuelo de Alarcón,ES,+34 910 97 38 29,https://www.astroideal.com/
Masajes en Madrid - Almas Holisticas,Centro de salud y bienestar,Madrid,ES,+34 633 07 91 40,https://www.almasholisticas.com/
ARA TAROT ASTROLOGIA CONSULTAS PRESENCIALES MADRID,Astrólogo,Madrid,ES,+34 626 30 18 34,
Raquel.Coach,Centro de formación,Madrid,ES,+34 601 32 42 96,https://www.raquel.coach/
Terapias del Ser,Terapeuta de reiki,Bogotá,CO,+57 310 4884015,https://terapiasdelser.com/
El Corazón del Mandala - Astrología desde el Centro,Astrólogo,Madrid,ES,+34 653 75 85 79,
Inata Wellness | Dra. Iveth Ussa - Medicina Integrativa y Terapias alternativas,Especialista en medicina holística,Bogotá,CO,+57 319 4212973,https://drinatawellness.com/
"Amarres, lectura de cartas, tarot y más - Hermano Abel",Vidente,Monterrey,MX,+52 81 1278 6419,https://hermanoabel.com.mx/
Sanio Salud Alternativa y Acupuntura,Especialista en medicina holística,Bogotá,CO,+57 318 8962669,http://sanio.com.co/
Psicólogo. Centro de Terapias. Constelaciones Biodescodificación Regresiones Reiki Hipnosis.,Psicoterapeuta,Madrid,ES,+34 650 35 90 90,https://neoconsciencia.com/
Lidia Alves - Terapeuta Holística,Psicoterapeuta,Madrid,ES,+34 633 95 73 58,http://www.esenciahumana.com/
LA ESÓTERIKA (Lectura de cartas),Vidente,Monterrey,MX,+52 81 2386 3844,
Instituto Mexicano de Numerologia,Institución educativa,"Gustavo A. Madero, Ciudad de México",MX,+52 55 7095 2442,
Bodisatva Escuela de Reiki,Profesional de medicina alternativa,Bogotá,CO,+57 319 2075942,http://www.lilianaflorezramirez.com/
"Mariola Conde | Centro de Belleza, Terapias y Salud Holística",Centro de salud y bienestar,Madrid,ES,+34 915 91 67 32,http://mariolaconde.es/
Terapeuta Holistica Integral - Andrea,Terapeuta de reiki,Villa pueyrredon,AR,+54 11 4055-4153,
Reiki y bienestar natural,Naturópata,Madrid,ES,+34 671 63 53 42,
Espacio Renacer Madrid,Terapeuta de reiki,Madrid,ES,+34 699 97 32 30,http://www.biodescodificacionmadrid.es/
Ángeles Tarot,Astrólogo,Ciudad de México,MX,+52 55 2195 5638,https://angeles-tarot.ueniweb.com/
Arjun Liébana,Terapeuta de reiki,Madrid,ES,+34 697 81 61 96,
Hierbería La Patrona Lectura de Tarot,Centro espiritual,Monterrey,MX,+52 81 1656 6291,http://facebook.com/rubensodiesoterico
ASTROLOguía - Astrólogo Madrid,Astrólogo,Madrid,ES,+34 614 22 33 89,https://www.astroyciencia.com/
Centro holístico Ultímate Health & Fitness,Acupuntor,Madrid,ES,+34 680 68 65 95,http://www.centroholisticouhf.com/
Psychology and Astrology,Astrólogo,Bogotá,CO,+57 73177228587,
MIND Astrology,Educación,Bogotá,CO,+57 15202706,
EdgarTarot Oficial,Astrólogo,Bogotá,CO,+57 319 5081101,https://wa.me/message/7TMQGH2ZOFKIH1
Casa Holistica de la Medicina,Especialista en medicina holística,Bogotá,CO,+57 320 3585065,https://casaholisticadelamedicina.com/
Pedro Moreno (Astrología y Psicología),Astrólogo,Mérida,MX,+52 999 390 0053,
SaBer Astrologia Humanista,Astrólogo,Bogotá,CO,+57 304 5902957,
Astrologia Bogota,Astrólogo,Bogotá,CO,+57 313 4276060,
Reiki a domicilio en Madrid,Oficinas de empresa,Madrid,ES,+34 605 62 93 68,http://reikiadomicilio.es/
Estelle Reiki Madrid,Terapeuta de reiki,Madrid,ES,+33 6 27 42 45 95,
Meditaciones Thetahealing Hello Zen by Dani Torres,Centro de meditación,"Cuauhtémoc, Ciudad de México",MX,+52 55 6197 9623,https://www.hellozen.com.mx/
Terapeuta Holistica Angeles Coronel,Centro de salud y bienestar,Monte Grande,AR,+54 11 6158-4720,http://www.terapeutaholistica.com.ar/
Centro Holístico Élet,Servicio de salud mental,"Bogotá, Cota",CO,+57 302 3119032,https://www.centroholisticoelet.com/
Holistica _ Cintia,Masajista,DUD,AR,+54 9 11 6509-5033,http://www.cintiaholistica.ar/
Coaching Cuantico Madrid,Servicio de salud mental,Madrid,ES,+34 635 79 11 10,https://www.miamendezsoy.com/
"Reiki, limpieza energética y equilibrado de Chakras",Terapeuta de reiki,Madrid,ES,+34 653 35 92 28,
Amarres de Amor en Monterrey - Maestro Samuel,Centro espiritual,Monterrey,MX,+52 81 8499 1094,https://maestro-samuel.com/
Instituto Avanzado de Salud Holística,Centro de salud y bienestar,Madrid,ES,+34 911 99 50 89,http://www.iasaludholistica.com/
Sergio Arango PsicoBioEnergética & Astrología,Servicio de salud mental,Bogotá,CO,+57 320 8036412,http://www.sergioarango.com/
SHAMATHA CENTRO HOLÍSTICO,Centro de salud y bienestar,Madrid,ES,+34 630 14 59 62,https://shamathacentroholistico.es/
Sakura biodinámica - Biodinámica Craneosacral y Reiki Madrid,Terapeuta de reiki,Madrid,ES,+34 622 24 70 19,https://www.sakurabiodinamica.es/
CENTRO HOLISTICO DESPERTANDO ALMAS,Terapeuta de reiki,Valentín Alsina,AR,+54 11 5319-4411,
Instituto de Formación Holística Dos Mundos,Centro educativo,Cdad. Autónoma de Buenos Aires,AR,+54 9 11 4429-7582,
Terapias Holisticas Yovivolibre - Autoconciencia,Psicoterapeuta,Cdad. Autónoma de Buenos Aires,AR,+54 11 2396-2625,
Terapias Holisticas Integrales,Especialista en medicina holística,Cdad. Autónoma de Buenos Aires,AR,+54 9 11 3950-1919,
Alejandra Ruzo. Flores de Bach - Astrologia profesional,Astrólogo,Cdad. Autónoma de Buenos Aires,AR,+54 9 11 5567-8047,
ReikiMadrid,Terapeuta de reiki,Madrid,ES,+34 650 12 72 17,https://www.reikimadrid.com/
AcerquenZen: Espacio de Terapias Holísticas y Bienestar integral,Centro de salud y bienestar,Cdad. Autónoma de Buenos Aires,AR,+54 9 11 3297-4623,https://inespons.acerquenzen.com.ar/
Centro Latinoamericano de Psicología Holística,Psicoterapeuta,Cdad. Autónoma de Buenos Aires,AR,+54 11 2819-1448,https://psicologiaholistica.com.ar/
Consideral Astrología y Tarot,Astrólogo,Cdad. Autónoma de Buenos Aires,AR,+54 11 4782-8454,
Masaje Holistico E Integral,Spa y gimnasio,Cdad. Autónoma de Buenos Aires,AR,+54 11 5108-4016,https://www.masajeholisticointegral.com.ar/
Tarot 21,Vidente,Cdad. Autónoma de Buenos Aires,AR,+54 9 11 6598-2328,http://tarot21tarot.blogspot.com/
Centro Reiki Madrid,Terapeuta de reiki,Madrid,ES,+34 626 61 55 38,http://www.cursosreikienmadrid.com/
Escuela Reikiterapias - Cursos de Reiki en Madrid,Terapeuta de reiki,Madrid,ES,+34 629 80 63 34,http://www.reikiterapias.com/
"Amarres de amor, limpias, tarot, lectura de cartas.",Vidente,Juárez,MX,+52 656 600 1616,
VENUS TAROT & ASTROLOGÍA,Astrólogo,"Benito Juárez, Ciudad de México",MX,+52 55 1682 0387,
Kala Lectura de Tarot y Videncia,Astrólogo,"Cuauhtémoc, Ciudad de México",MX,+52 55 2800 8940,
Sonrie a Reiki,Terapeuta de reiki,Madrid,ES,+34 687 37 12 05,http://www.sonrieareiki.com/
Lic.Gladys Valadez-Astrologa,Astrólogo,"Miguel Hidalgo, Ciudad de México",MX,+52 55 5076 7108,
Condesa tarot & astrología gitana,Astrólogo,"Miguel Hidalgo, Ciudad de México",MX,+52 56 5465 9968,
Krishna Das Astrología Védica,Astrólogo,Barranquilla,CO,+57 310 4798751,https://www.instagram.com/krishna_astrologia
Terapia Holistica QuanTum,Especialista en medicina holística,Cdad. Autónoma de Buenos Aires,AR,+54 9 11 3758-1384,
Astrología y Psicología Muros Rotos,Astrólogo,Cdad. Autónoma de Buenos Aires,AR,+54 11 2322-7182,https://www.enronda.com/profesionales/murosrotos
Terapeuta Madrid | Karol Ortega,Programa de salud y bienestar,Madrid,ES,+34 679 75 86 07,https://www.karolortega.com/
Escuela de Astrología Isis Buenos Aires,Centro educativo,Martínez,AR,+54 11 5454-6767,http://www.isisbuenosaires.com.ar/
"Aqua Aura, Centro Bienestar Integral",Terapeuta de reiki,Madrid,ES,+34 630 62 41 21,http://www.aquaaura-madrid.es/
Clases de Astrología,Servicio de clases particulares,"Coyoacán, Ciudad de México",MX,+52 55 4341 0816,http://www.clasesdeastrologia.com.mx/
Asociación de Servicio Reiki,Asociación u organización,Madrid,ES,+34 717 77 08 79,https://servicioreiki.org/
Escuela Baraka - Astrología y Tarot,Escuela de educación para adultos,Cdad. Autónoma de Buenos Aires,AR,+54 9 11 3309-2822,http://www.escuelabaraka.com/
Infinito Terapias Holísticas. Cursos y Talleres,Psicólogo,Cdad. Autónoma de Buenos Aires,AR,+54 9 11 5820-1105,
Masajes y Reiki Madrid - Lola Manos de Luz,Terapeuta de reiki,Madrid,ES,+34 619 17 45 02,https://www.reikimanosdeluz.com/
Astrología y Tarot,Astrólogo,Cdad. Autónoma de Buenos Aires,AR,+54 11 6812-9684,http://casadeagua.wixsite.com/casadeagua
Holistic-Ha Soul Center,Centro de retiro,"Benito Juárez, Ciudad de México",MX,+52 55 1725 0476,https://holistic-ha.com/
Astrologia y Servicios Espirituales,Astrólogo,Cdad. Autónoma de Buenos Aires,AR,+54 11 2834-8402,
Terapeuta holística/Cristales energéticos/runas/astrología/chamanismo,Centro comercial,Cdad. Autónoma de Buenos Aires,AR,+54 11 3450-3290,http://www.piedradelalma.site/
Astrología Astrosincronicidad,Astrólogo,Cdad. Autónoma de Buenos Aires,AR,+54 11 5965-8928,
Centro Holístico Buenos Aires,Psicoterapeuta,Cdad. Autónoma de Buenos Aires,AR,+54 9 11 5636-7465,https://www.centroholistico.com.ar/
Centro de Numerología y Astrotarot de Buenos Aires,Centro escolar,Cdad. Autónoma de Buenos Aires,AR,+54 11 3378-3619,http://www.cnatba.com.ar/
Psychic Medium Tarot Astrology,Vidente,"Miguel Hidalgo, Ciudad de México",MX,+52 322 245 5990,https://theworldsmediumagency.com/
Alianza Española de Reiki,Terapeuta de reiki,Madrid,ES,+34 608 35 10 15,https://www.alianzadereiki.eu/
Maestría Reiki David | Escuela de Reiki | Consulta Terapéutica en Móstoles (Madrid),Terapeuta de reiki,Móstoles,ES,+34 682 89 35 15,https://www.maestriareiki.es/
Reiki Terapias y Cursos,Terapeuta de reiki,Bogotá,CO,+57 305 4557354,https://sanacionylareconexion.com/
MADRID REIKI,Terapeuta de reiki,Madrid,ES,+34 636 29 92 31,https://madridreiki.org/
"Reiki, Terapia Transpersonal y Mindfulness en Espacio Soy Presencia",Terapeuta de reiki,Madrid,ES,+34 657 65 08 87,https://soypresencia.com/
Pedro Serrano Coach,,Madrid,ES,+34 607 84 09 09,https://pedroserrano.coach/
Instituto Superior de Astrología - ISAA,Instituto de investigación,Cdad. Autónoma de Buenos Aires,AR,+54 11 5011-4541,http://www.isaa.com.ar/
ASTRO AKASH por Arianna Santo,Astrólogo,"Miguel Hidalgo, Ciudad de México",MX,+52 55 4056 9005,http://www.astroakash.com/
Prof. Santiago Juno (Tarot y Astrología),Asesor,"Benito Juárez, Ciudad de México",MX,+52 55 4037 7936,https://profjuno.com/
Karina Longo - Astrologa - Terapeuta Holística,Centro de salud y bienestar,Cdad. Autónoma de Buenos Aires,AR,+54 9 11 5585-1374,https://www.karinalongo.com.ar/
Instituto Superior De Estudios Holísticos,Centro de formación,Madrid,ES,+34 911 43 71 31,https://www.iseholistico.com/
Reiki Madrid | Sesiones de Reiki | Reiki | Yoga | Pilates | Chi-kung |,Terapeuta de reiki,Madrid,ES,+34 660 10 91 82,https://salamiga.com/
